{"cameraMode":{"drawMode":0,"name":"Shaded","section":"Shading Mode"},"sceneLighting":false,"audioPlay":false,"sceneViewState":{"m_AlwaysRefresh":false,"showFog":true,"showSkybox":false,"showFlares":true,"showImageEffects":true,"showParticleSystems":true,"showVisualEffectGraphs":true,"m_FxEnabled":true},"in2DMode":false,"pivot":{"x":-0.33225151896476748,"y":0.3699626922607422,"z":0.19323815405368806},"rotation":{"x":0.20399776101112367,"y":-0.4544965624809265,"z":0.10777033865451813,"w":0.8603640198707581},"size":0.8358415961265564,"orthographic":false}